DE11	studienbrief	4.25082345174
DE11	stuttgart	3.10544832219
DE11	preisgaranti	3.09320458052
DE11	seminar	2.83460189255
DE11	scan	2.56349328868
DE11	bari	2.55500120978
DE11	handgepack	2.52824264932
DE11	dozent	2.42864578592
DE11	sa	2.42236925627
DE11	hugendubel	2.36585879205
DE11	schnee	2.32622349743
DE11	paketzentrum	2.29979578185
DE11	gelad	2.23650930635
DE11	rasenmah	2.20264216535
DE11	verschuld	2.16487624068
DE11	interrent	2.13541714715
DE11	story	2.09500128406
DE11	happened	2.08524446611
DE11	mo	2.0840805629
DE11	0km	2.08275505866
DE11	ausgebildet	2.05123342287
DE11	haett	2.04807224843
DE11	reply	2.04162887364
DE11	asked	2.02851633294
DE11	vorweihnachtszeit	2.02190316761
DE11	decided	2.01922460153
DE11	bedienerfreund	2.00771021377
DE11	emphel	1.98890279944
DE11	tobias	1.97285991963
DE11	storend	1.97086698246
DE11	kompatibilitat	1.96896277428
DE11	economycarrental	1.96127033374
DE11	instead	1.95830553887
DE11	direktbuch	1.92627943006
DE11	ausverseh	1.92386967498
DE11	postiv	1.91391612554
DE11	directly	1.91194734297
DE11	paying	1.9067261219
DE11	american	1.90185491761
DE11	sonderpreis	1.89563431456
DE11	zzgl	1.89267071994
DE11	thailand	1.88456247055
DE11	hiesig	1.87220037584
DE11	finca	1.86992389556
DE11	abflug	1.86528198313
DE11	stendk	1.86506033429
DE11	wust	1.8632008619
DE11	0000er	1.85585007987
DE11	fincallorca	1.8536525371
DE11	kell	1.85096686432

DE12	shot	3.8198209755
DE12	comtech	2.8838215733
DE12	baludo	2.75728773946
DE12	kino	2.58306341465
DE12	ryanair	2.55699284226
DE12	tab	2.48727463004
DE12	mund	2.42876064006
DE12	pauschalreis	2.39880055559
DE12	hausnumm	2.37079704909
DE12	medion	2.34470240074
DE12	snack	2.3429592492
DE12	supernett	2.31522376436
DE12	dasselb	2.30116034999
DE12	sandt	2.28371577964
DE12	buchungsprozess	2.23711272727
DE12	living	2.2094213511
DE12	gelaunt	2.20803140358
DE12	zugegebenermass	2.20162615813
DE12	schiess	2.16190426672
DE12	produktqualitat	2.15688893774
DE12	exot	2.12230504568
DE12	zack	2.12076176329
DE12	fruhzeit	2.11044974449
DE12	schleppend	2.08919106515
DE12	dokteronlin	2.07335441924
DE12	aldi	2.06167071244
DE12	sud	2.05994992195
DE12	matratz	2.0593211843
DE12	rubrik	2.0351278267
DE12	march	2.0293799276
DE12	costum	2.01208277156
DE12	billpay	1.99722588204
DE12	zahlendreh	1.98084879838
DE12	bw	1.97584020444
DE12	agoda	1.96697811012
DE12	vertraut	1.96511098983
DE12	trail	1.96496863312
DE12	hug	1.95785331879
DE12	netbook	1.95329490753
DE12	shiply	1.9422422592
DE12	missing	1.92318099855
DE12	yahoo	1.91713587114
DE12	sponsoredlif	1.91295181773
DE12	betriebssystem	1.90703660503
DE12	overall	1.90653437376
DE12	uberlastet	1.9037258642
DE12	geschmackssach	1.89699298276
DE12	professional	1.89245923744
DE12	ladegerat	1.8822173897
DE12	einzug	1.87866540926

DE13	patron	3.83679624123
DE13	falk	3.33692097959
DE13	zurueck	3.12104415691
DE13	everytim	3.06935067106
DE13	tastatur	2.9063624836
DE13	uben	2.88228207086
DE13	freiburg	2.73594886359
DE13	vornam	2.68991615842
DE13	erg	2.57933459199
DE13	lieferando	2.55418855596
DE13	mytoys	2.54546433629
DE13	reinfall	2.51035729385
DE13	lockt	2.50078890922
DE13	stativ	2.48907798614
DE13	screen	2.48317517104
DE13	outfit	2.44381505017
DE13	everybody	2.44098473845
DE13	faq	2.43538284605
DE13	macbook	2.41673513951
DE13	markenwar	2.39778737429
DE13	galt	2.37908961356
DE13	logitech	2.37309712523
DE13	drinn	2.3701361681
DE13	alex	2.35571532553
DE13	garag	2.35288682565
DE13	belieb	2.35077975607
DE13	fzg	2.34533057244
DE13	abgestimmt	2.33040782243
DE13	compar	2.30667589474
DE13	passat	2.27627329519
DE13	wall	2.26778514946
DE13	nunmal	2.25804137493
DE13	erlaub	2.25590324002
DE13	schoen	2.25244245752
DE13	kreativitat	2.24594104531
DE13	billigermietwag	2.23623332375
DE13	kauferin	2.23450723177
DE13	umwelt	2.21681634693
DE13	aussah	2.20306679877
DE13	epson	2.18009409567
DE13	nobody	2.17871514887
DE13	angemahnt	2.17390446004
DE13	mitbestellt	2.17356963765
DE13	omdat	2.16855470048
DE13	map	2.16644700451
DE13	schatt	2.16486742462
DE13	maus	2.16178259896
DE13	din	2.14684977752
DE13	vietnam	2.14108046833
DE13	swoodoo	2.13527778778

DE14	avm	3.49210822697
DE14	acer	3.408692405
DE14	000g	3.17694741156
DE14	fonic	3.03182267886
DE14	mobilcom	2.99747131389
DE14	four	2.9689315943
DE14	icepric	2.89255948146
DE14	tell	2.87706659988
DE14	stein	2.86611145871
DE14	verifiziert	2.85875260248
DE14	description	2.85676647327
DE14	ravi	2.85127280984
DE14	v0	2.82218089283
DE14	fritzbox	2.70396195273
DE14	auftauch	2.66071385946
DE14	?).	2.6208417113
DE14	kronung	2.60212158298
DE14	untereinand	2.58778097641
DE14	notebooksbill	2.57828936252
DE14	geschirr	2.56987243238
DE14	abgefragt	2.56159569169
DE14	ros	2.53846264341
DE14	billpay	2.52951065158
DE14	impact	2.52869708721
DE14	schnurch	2.52575246462
DE14	beamershop00	2.52348212697
DE14	wirksam	2.52265152767
DE14	umgegang	2.51486125649
DE14	videothek	2.5147079627
DE14	nachles	2.51456214989
DE14	klarheit	2.48704094436
DE14	farblich	2.48202814121
DE14	unerfahr	2.48025404444
DE14	smooth	2.47086078942
DE14	lidl	2.46854230164
DE14	gmx	2.46761303886
DE14	geschmiss	2.4634772526
DE14	hausmark	2.45788707652
DE14	kreditkartengebuhr	2.4376713934
DE14	ziehmlich	2.43321134424
DE14	zugelass	2.42779142224
DE14	bw	2.42063575685
DE14	nachbar	2.41979771268
DE14	erganz	2.41599421478
DE14	eingeht	2.39686850037
DE14	removed	2.38626611462
DE14	rar	2.38522394006
DE14	000w	2.37777367993
DE14	anschlussflug	2.36796800179
DE14	verbraucht	2.36243361446

DE21	fidor	3.38303812096
DE21	jer	2.80245396775
DE21	det	2.67069075412
DE21	cancellation	2.51687401914
DE21	flight	2.47217763043
DE21	won	2.40177764204
DE21	skapetz	2.33824172516
DE21	bauchband	2.2901186289
DE21	havd	2.27574460138
DE21	fruhjahr	2.24610915836
DE21	compani	2.22982869365
DE21	fact	2.19900419649
DE21	glass	2.18029238085
DE21	smartcard	2.16992103988
DE21	normalpreis	2.14598017862
DE21	claim	2.1388554726
DE21	anyway	2.13125702268
DE21	hinhaltetakt	2.10291839684
DE21	munch	2.06929655919
DE21	ravi	1.99709842457
DE21	delay	1.99455913449
DE21	schnappchenjag	1.99365462232
DE21	var	1.99254674058
DE21	aufgestellt	1.97163875242
DE21	grill	1.96450499172
DE21	receiv	1.95933385483
DE21	geschult	1.95639730688
DE21	quad	1.95521899344
DE21	nov	1.95305135413
DE21	vill	1.949539393
DE21	mistak	1.94349167907
DE21	dasselb	1.93992405425
DE21	pictur	1.92517853495
DE21	ikk	1.90982939276
DE21	sekt	1.88875334388
DE21	hausmark	1.87640854102
DE21	ordering	1.85019842471
DE21	hyundai	1.84946781483
DE21	0th	1.83891616126
DE21	mitgemacht	1.83031006102
DE21	dinn	1.82921877679
DE21	mig	1.81242035436
DE21	hvis	1.80998314419
DE21	many	1.80177114138
DE21	eindring	1.80060713823
DE21	worst	1.79491901963
DE21	har	1.79476179183
DE21	orlando	1.79426646861
DE21	guess	1.79383577899
DE21	reperatur	1.79277894034

DE22	~	3.77141389309
DE22	anti	3.07229381882
DE22	verschuldet	2.99868862799
DE22	fang	2.9930218326
DE22	uberarbeitet	2.94603393327
DE22	kat	2.90634275858
DE22	liked	2.9043454565
DE22	madeira	2.89023027588
DE22	stromanbiet	2.87846706857
DE22	cap	2.86741730513
DE22	electronic	2.85295683639
DE22	check00	2.85052914129
DE22	tarifvergleich	2.83856661615
DE22	unub	2.82592107482
DE22	han	2.82282462366
DE22	extremely	2.80820029511
DE22	,,	2.80771999417
DE22	sammelklag	2.79852002839
DE22	professional	2.79775225784
DE22	lacheln	2.77679891443
DE22	program	2.77318670287
DE22	vorprogrammiert	2.75598414418
DE22	initial	2.75498672916
DE22	elektrogerat	2.7453535083
DE22	uberascht	2.7357092213
DE22	kooperativ	2.73548621705
DE22	cash	2.72625471632
DE22	abgespeichert	2.70591618958
DE22	mitbring	2.70513052818
DE22	addon	2.70392258172
DE22	institution	2.70146604796
DE22	ruckkehr	2.70049625102
DE22	kahm	2.69468634594
DE22	geredet	2.69450515611
DE22	lieferengpass	2.69371547463
DE22	verschuld	2.69021444652
DE22	buchungsnumm	2.68707818324
DE22	,,,	2.68068859986
DE22	bios	2.67919228891
DE22	flatrat	2.67918721478
DE22	emailverkehr	2.67172558162
DE22	surpris	2.65947669535
DE22	anteil	2.65329348841
DE22	europas	2.6514706761
DE22	gewinnt	2.6509896289
DE22	abseit	2.64520386813
DE22	brilliant	2.63990349104
DE22	verdreckt	2.62288617255
DE22	expert	2.61860522081
DE22	ghost	2.60511193533

DE23	geblockt	3.87829944285
DE23	hemdwerk	3.48414425856
DE23	hass	3.46197656484
DE23	rtl	3.41375008092
DE23	dach	3.37613027321
DE23	verkaufsprovision	3.29536316192
DE23	sav	3.28992624835
DE23	market	3.2776425062
DE23	ra	3.27206539017
DE23	gesorgt	3.26607969781
DE23	aufgezeigt	3.21841989769
DE23	000000000	3.21397874218
DE23	funzt	3.21241622311
DE23	komplex	3.20809718398
DE23	spulmaschin	3.19710997072
DE23	swoodoo	3.19475072172
DE23	auffindbar	3.18622288356
DE23	trau	3.17617339828
DE23	investition	3.16210359936
DE23	sept	3.16139993307
DE23	sensationell	3.15465659459
DE23	action	3.15217539866
DE23	neuerding	3.14530540591
DE23	surf	3.13904786354
DE23	greetz	3.1304685374
DE23	onc	3.11572862643
DE23	erlern	3.09762174078
DE23	tropf	3.0897147231
DE23	theat	3.08726187043
DE23	zeichnet	3.08082036858
DE23	besticht	3.0795725739
DE23	mc	3.05858032387
DE23	terrass	3.05301672527
DE23	stiess	3.05125110188
DE23	party	3.03692575916
DE23	ubertreff	3.02999048084
DE23	hemd	3.02725832785
DE23	beseitigt	3.01736169024
DE23	lernprogramm	3.01625921295
DE23	behandeln	3.00668620693
DE23	mailkontakt	2.99737531718
DE23	restlos	2.99024704893
DE23	client	2.98939782736
DE23	autobahn	2.96786617391
DE23	faro	2.96714030352
DE23	exchang	2.9589599493
DE23	weisst	2.92302721337
DE23	gesetzgeb	2.90382580031
DE23	ask	2.90040292098
DE23	denkbar	2.89264639634

DE24	united	3.89708756834
DE24	fullmaterial	3.42453590101
DE24	naht	3.28564472375
DE24	etikett	3.24481446826
DE24	uberbiet	3.13651861394
DE24	snowlab	3.12110724506
DE24	gesamtpaket	3.09215440211
DE24	skoda	3.06397081099
DE24	ausgemacht	3.02738112242
DE24	ergreif	3.02140034715
DE24	vorzeit	3.00165503924
DE24	schachtel	2.9896765437
DE24	tarifvergleich	2.98278565892
DE24	enjoy	2.968727216
DE24	bearbeitungsstand	2.96223266118
DE24	hilfsmittel	2.93958923335
DE24	locauto	2.91475781583
DE24	fiesta	2.90703255484
DE24	zelt	2.90672866302
DE24	sog	2.89884492627
DE24	onlineabschluss	2.8930075479
DE24	unnutz	2.8817272115
DE24	autoteil	2.8804343528
DE24	eingeloggt	2.87407640489
DE24	element	2.87322447696
DE24	ubung	2.86206921794
DE24	testsieg	2.86161173432
DE24	dialog	2.85394876215
DE24	(!	2.85374910104
DE24	zweckmass	2.83211901871
DE24	ruckgang	2.82868546088
DE24	uberlass	2.82542529233
DE24	zell	2.82237137479
DE24	vengeanc	2.812575251
DE24	bibliothek	2.79524916474
DE24	vorschau	2.77627362283
DE24	warnung	2.77471179777
DE24	midi	2.77253688593
DE24	trips	2.77083785723
DE24	autoeurop	2.75036469235
DE24	langfrist	2.74569115725
DE24	canaria	2.73989044781
DE24	..)	2.73746384946
DE24	authent	2.73157894667
DE24	mast	2.73043929595
DE24	chatt	2.72688769712
DE24	pullov	2.72575897264
DE24	rev	2.71741431808
DE24	wahrlich	2.71143200899
DE24	wirtschaft	2.70728711161

DE25	seramis	4.37217408765
DE25	orchide	3.97580566578
DE25	congstar	3.91581978705
DE25	rucksendekost	2.62779075462
DE25	fotobuch	2.54541092961
DE25	main	2.48366351094
DE25	optics	2.42052551296
DE25	autoda	2.41712035254
DE25	einwegmiet	2.33871230421
DE25	einfug	2.33764942472
DE25	veloped	2.29280856756
DE25	schachtel	2.23634392962
DE25	touran	2.23407380211
DE25	simyo	2.19197204137
DE25	garnelio	2.13207341928
DE25	erd	2.11984684649
DE25	helps	2.08548964114
DE25	versandweg	2.08260690132
DE25	oberteil	2.07490867686
DE25	hintergrund	2.05997963782
DE25	vorschau	2.0591310667
DE25	versicherungsleist	2.04490804528
DE25	angebracht	2.04312431682
DE25	lidl	2.03394609374
DE25	gleicht	2.02460417065
DE25	edl	2.02299849048
DE25	seat	2.02288482284
DE25	class	2.02273162604
DE25	stichwort	2.00104643111
DE25	a0	1.99940685518
DE25	explizit	1.98961484238
DE25	lh	1.9746690717
DE25	statement	1.97033193163
DE25	dient	1.96343100486
DE25	impression	1.95550062863
DE25	bissl	1.93617978566
DE25	anwort	1.93240805081
DE25	0und0	1.92759784397
DE25	versicherungspaket	1.92523384637
DE25	hilfsmittel	1.92477526229
DE25	pflanz	1.91690225101
DE25	ghd	1.9147597977
DE25	flugzeit	1.90788006916
DE25	aufgefullt	1.88591666185
DE25	gewasch	1.8671477549
DE25	klarheit	1.86712767076
DE25	digitalkamera	1.85411176342
DE25	edel	1.85277070042
DE25	xing	1.85052655132
DE25	ausgang	1.84897209908

DE26	baracuta	5.72288024694
DE26	g0	5.03899839628
DE26	_	3.64891030408
DE26	cooki	3.55669042634
DE26	abnahm	3.41806724666
DE26	daniel	3.40949097057
DE26	error	3.39352139323
DE26	makl	3.22842001269
DE26	rechtsschutzversicher	3.21285945736
DE26	furthermor	3.19953503165
DE26	werkzeug	3.17741838886
DE26	rucksack	3.1070625401
DE26	erleichtert	3.10435906797
DE26	rucktritt	3.0573954052
DE26	eagl	3.03920601743
DE26	zerbroch	3.01438958239
DE26	fachgerecht	2.99980214824
DE26	invalid	2.99251542878
DE26	writ	2.96746798277
DE26	generiert	2.96004402964
DE26	verschaukelt	2.9330651149
DE26	voran	2.92986063085
DE26	abgeschnitt	2.91135135258
DE26	ausgesetzt	2.87449633285
DE26	kauferin	2.86567743488
DE26	optimiert	2.8633751416
DE26	advic	2.86303367682
DE26	forward	2.86137094646
DE26	landessprach	2.85487604532
DE26	komischerweis	2.85288604115
DE26	versteck	2.81395762334
DE26	zell	2.81053773606
DE26	konstant	2.79012658796
DE26	abholzeit	2.78447793939
DE26	sammelt	2.78320627056
DE26	zeitdruck	2.77830422077
DE26	diet	2.77334986369
DE26	unaufgefordert	2.77273544564
DE26	vermied	2.77114243803
DE26	auszutausch	2.76403699426
DE26	hochzeit	2.75725299789
DE26	futsch	2.74541475994
DE26	import	2.73953810529
DE26	blend	2.7371656828
DE26	kaufhaus	2.72973850901
DE26	sending	2.72313031996
DE26	wechselt	2.7005372181
DE26	hoherwert	2.69938200644
DE26	ratzfatz	2.69430414884
DE26	bla	2.69122042486

DE27	avast	4.2763584379
DE27	ai	3.81003803515
DE27	il	3.41686713786
DE27	virus	3.31243237924
DE27	pas	3.29098984864
DE27	domainfactory	3.13234447
DE27	itself	2.9711157089
DE27	finca	2.88779432088
DE27	backup	2.86225427577
DE27	economy	2.85073682288
DE27	dear	2.78072641525
DE27	sometim	2.73638041574
DE27	insel	2.73574753688
DE27	anti	2.70601397987
DE27	kurzurlaub	2.69022628763
DE27	doesn	2.68954895015
DE27	netbook	2.68810382438
DE27	mais	2.66808218016
DE27	airberlin	2.6596656612
DE27	gestobert	2.62346844964
DE27	hdmi	2.61712090809
DE27	kontonumm	2.60933353267
DE27	album	2.59170816023
DE27	eingebucht	2.5739806023
DE27	entsproch	2.56422142238
DE27	ofen	2.56359368659
DE27	que	2.5429493744
DE27	dildoking	2.52541447635
DE27	flugzeug	2.50437020513
DE27	dient	2.50162231932
DE27	conrad	2.48607549747
DE27	bibliothek	2.48496732142
DE27	ratsel	2.46627293477
DE27	staubsaug	2.4619012919
DE27	mistak	2.43995847112
DE27	planet	2.42324612213
DE27	profis	2.40495095605
DE27	auszufuhr	2.39549903718
DE27	digitalkamera	2.38045449669
DE27	leidet	2.37714797296
DE27	verkaufsabwickl	2.37396820456
DE27	ahnungslos	2.36709197088
DE27	ce	2.35889432357
DE27	wellness	2.34534867162
DE27	raumt	2.34049024446
DE27	wirmachendruck	2.32121128263
DE27	plastik	2.31918906686
DE27	put	2.31859922684
DE27	fincallorca	2.31472006672
DE27	accommodation	2.30555000847

DE30	lensguru	3.44430637642
DE30	opentabl	3.16693853132
DE30	:***	3.07094352016
DE30	produktsuch	3.06385895427
DE30	kostum	3.03037469038
DE30	parcel	2.85148655388
DE30	zigarr	2.78057119162
DE30	ive	2.59178145738
DE30	parship	2.57676012324
DE30	markus	2.37428533291
DE30	0flat	2.36735390107
DE30	phonedoctor	2.21940694928
DE30	thes	2.16402665525
DE30	***	2.11993125773
DE30	avoid	2.11629657745
DE30	seniorplac	2.09365350182
DE30	mp0	2.00229898532
DE30	detailansicht	1.97134586887
DE30	berlin	1.96362616698
DE30	haar	1.9030416175
DE30	coupl	1.84270305647
DE30	reit	1.83547613929
DE30	handgepack	1.8247474932
DE30	logo	1.81986505405
DE30	buchbind	1.80618492056
DE30	kontonumm	1.78891401673
DE30	own	1.78125211224
DE30	baludo	1.7744186826
DE30	amsterdam	1.76582241291
DE30	umwelt	1.73088636701
DE30	autoda	1.72953501435
DE30	unterkategori	1.72308252554
DE30	put	1.71217210401
DE30	globelcar	1.66512596469
DE30	hug	1.64908195051
DE30	review	1.64552354164
DE30	photos	1.6389777286
DE30	lest	1.62287117289
DE30	several	1.61045610259
DE30	helps	1.60426238402
DE30	–	1.6014809614
DE30	overall	1.59990077387
DE30	re	1.59046648774
DE30	format	1.56797240107
DE30	month	1.56368777194
DE30	shiply	1.55594760616
DE30	clos	1.54568186789
DE30	decent	1.54523975952
DE30	mischung	1.53965280065
DE30	ausgleich	1.53920411701

DE40	detailansicht	4.04946714349
DE40	navigationsleist	3.71002643591
DE40	whisky	3.23211026383
DE40	thalia	3.17739501798
DE40	unterkategori	3.16879875986
DE40	dirk	3.06918898031
DE40	***	2.69252000301
DE40	hgt00	2.67629120297
DE40	gelb	2.66773124918
DE40	matratz	2.63479378666
DE40	scheitert	2.59020382033
DE40	esprit	2.55374107641
DE40	salat	2.54154297621
DE40	:).	2.49467611357
DE40	trend	2.48579531787
DE40	pizza	2.45576280881
DE40	gelangt	2.44974007729
DE40	entscheidet	2.42592569992
DE40	“,	2.41973025702
DE40	florist	2.41134682344
DE40	struktur	2.4030604974
DE40	mitbring	2.36268756009
DE40	zuck	2.35825183617
DE40	bauchband	2.35314677965
DE40	neuheit	2.34846756103
DE40	schriftverkehr	2.33250888611
DE40	klickt	2.33193586124
DE40	bann	2.33189775927
DE40	originell	2.32990319497
DE40	kreis	2.3187808879
DE40	emphel	2.29876398321
DE40	fett	2.29147046091
DE40	–	2.2821693802
DE40	ipc	2.28131610584
DE40	unlocked	2.28114687705
DE40	olwechsel	2.27864417005
DE40	istanbul	2.27765878273
DE40	blitz	2.27168533768
DE40	belohnt	2.26669124242
DE40	nachforsch	2.24630256438
DE40	taugt	2.24459760065
DE40	spielzeug	2.23734339041
DE40	rubrik	2.23198842845
DE40	arbeitgeb	2.22916083993
DE40	privatkund	2.22385765231
DE40	nachgelass	2.21968332669
DE40	sekt	2.21892344773
DE40	liegend	2.21511787857
DE40	berechtigt	2.21208355837
DE40	darunt	2.21087923858

DE50	sattel	5.26163350198
DE50	zou	4.2379461708
DE50	tom	3.94272772518
DE50	brem	3.88955593602
DE50	mij	3.63913125025
DE50	ottoman	3.59457009895
DE50	fotoalbum	3.55059795126
DE50	sessel	3.41779732522
DE50	loung	3.40924934246
DE50	horbuch	3.26412682322
DE50	heim	3.24846800569
DE50	seniorplac	3.19194815068
DE50	schnittmust	3.11744848863
DE50	tiefgarag	3.10970035412
DE50	kom	3.07310859408
DE50	zurzeit	3.06093706683
DE50	einzieh	2.99184921976
DE50	ball	2.99092790669
DE50	hock	2.93195453626
DE50	unterbring	2.930733558
DE50	xing	2.92499057744
DE50	internethandl	2.91281965063
DE50	herkomm	2.90454460982
DE50	rays	2.89429981479
DE50	dit	2.88358770249
DE50	aan	2.85839943468
DE50	speicherplatz	2.84684920206
DE50	hous	2.82130794595
DE50	cc	2.81050062704
DE50	buchungsgebuhr	2.77919802528
DE50	volgend	2.77701638947
DE50	einzahl	2.77354570821
DE50	einzulos	2.77140977426
DE50	standardisiert	2.76445369456
DE50	dag	2.75635440718
DE50	empty	2.75361767905
DE50	debitel	2.72560931444
DE50	leifer	2.71870937277
DE50	unterscheidet	2.71120144832
DE50	galt	2.70389866194
DE50	effect	2.70041587874
DE50	zerkratzt	2.68513047611
DE50	konkurrenzlos	2.68302428095
DE50	kontaktlins	2.67424043553
DE50	verbrannt	2.66793906429
DE50	zuruckzugeb	2.66170713969
DE50	eam	2.65255585366
DE50	zeitrahm	2.63709151995
DE50	anklick	2.63692608203
DE50	versandart	2.61810987943

DE60	brands0friend	2.7904992976
DE60	falk	2.50955499965
DE60	hamburg	2.48662099898
DE60	queen	2.44566439022
DE60	ikea	2.41928215024
DE60	aral	2.40685710403
DE60	00th	2.40144822079
DE60	vill	2.39726645219
DE60	paris	2.33986497678
DE60	bed	2.32233804484
DE60	zugelass	2.28863490764
DE60	appartement	2.27453586185
DE60	autoda	2.26416383714
DE60	mig	2.19765277933
DE60	interessent	2.17125894924
DE60	buchbind	2.15451630113
DE60	answered	2.14144924278
DE60	glass	2.12601691943
DE60	hauptbahnhof	2.08813188761
DE60	wrot	2.06127616327
DE60	cancellation	2.04527130784
DE60	ahnungslos	2.04199385698
DE60	ghd	2.03873891321
DE60	fil	2.03051000235
DE60	his	1.99392047442
DE60	trustworthy	1.98863843004
DE60	hgt00	1.98486640777
DE60	orlando	1.95696759597
DE60	mund	1.95686113697
DE60	answ	1.95086386821
DE60	mydays	1.94845398443
DE60	teppich	1.94566871012
DE60	csl	1.92533430015
DE60	zigarr	1.92425641632
DE60	dear	1.9219406232
DE60	schleppend	1.90174382002
DE60	boot	1.88937840994
DE60	ell	1.88203450867
DE60	happened	1.88149719439
DE60	fort	1.87910120562
DE60	billigermietwag	1.87563006945
DE60	marketplac	1.87027731992
DE60	faul	1.86977486002
DE60	additional	1.86887892136
DE60	lehn	1.8574332348
DE60	haar	1.8496957605
DE60	explizit	1.8481999368
DE60	beschiss	1.84223710919
DE60	beutel	1.8410766024
DE60	tankkart	1.83323792852

DE71	----------	4.31205426621
DE71	:-)))	3.03533510891
DE71	factory	2.68776821297
DE71	whisky	2.67103701111
DE71	removed	2.64766603228
DE71	seitlich	2.57862279282
DE71	kontoverbind	2.52693600527
DE71	optics	2.37049747618
DE71	ausbild	2.3698018312
DE71	snowlab	2.29295788135
DE71	port	2.24837044815
DE71	beschenkt	2.24530149364
DE71	vermeint	2.22088845611
DE71	praxis	2.18526641622
DE71	bann	2.18342364047
DE71	across	2.18058695333
DE71	charakt	2.16374625712
DE71	ecco	2.15433975589
DE71	ad	2.12065334775
DE71	investiert	2.10797277389
DE71	abgabestation	2.0936885729
DE71	endgerat	2.08171818297
DE71	rausgeht	2.05795926845
DE71	nervos	2.0376472729
DE71	stendk	2.02404592185
DE71	block	2.01988385082
DE71	nizza	2.01825727617
DE71	annahernd	2.01451684496
DE71	reinfall	2.00744435057
DE71	postweg	1.98396983218
DE71	derselb	1.97428736361
DE71	phonedoctor	1.95642828531
DE71	agentur	1.95395337037
DE71	geiz	1.94619957549
DE71	-----	1.91081132989
DE71	hack	1.90795595358
DE71	markenwar	1.90543427421
DE71	dreistig	1.89736324132
DE71	ge	1.88231259791
DE71	bf	1.85649219201
DE71	quot	1.85535841162
DE71	felt	1.84662978004
DE71	data	1.84564809266
DE71	normalpreis	1.845095255
DE71	ive	1.84229889638
DE71	obviously	1.83579861325
DE71	verhind	1.83553108494
DE71	handgepack	1.83329352817
DE71	gesprachspartn	1.83233418024
DE71	zuruckgebucht	1.82967900514

DE72	sound	4.00902515147
DE72	douglas	3.56120815431
DE72	system	3.53073603427
DE72	gewahrleistet	3.51655259155
DE72	verstark	3.44444781822
DE72	kick	3.43621603558
DE72	frontscheib	3.40821824541
DE72	meinxxl	3.24547100753
DE72	doppel	3.20527076811
DE72	fitness	3.19197493294
DE72	pal	3.18649926793
DE72	hausti	3.18214187327
DE72	fondsvermittlung00	3.09649428588
DE72	mahnverfahr	3.02134963435
DE72	beurteilt	3.00877018363
DE72	gelistet	2.99774999478
DE72	schutzt	2.99500133219
DE72	empfahl	2.98795323167
DE72	000er	2.97737887106
DE72	tagsub	2.94236722112
DE72	unerheb	2.92352804093
DE72	singl	2.92209289145
DE72	abholt	2.91919189948
DE72	verlink	2.90672880456
DE72	wind	2.89058067514
DE72	durcheinand	2.88762741663
DE72	geschaltet	2.87004515461
DE72	geguckt	2.865142354
DE72	geschaftsgebar	2.85863113333
DE72	inspektion	2.85550634128
DE72	unfrei	2.84543563383
DE72	zuruckgezahlt	2.8422772279
DE72	haut	2.83017017609
DE72	falschliefer	2.81802384858
DE72	auszuprobi	2.80159288534
DE72	hinzuweis	2.79011701039
DE72	abholbereit	2.78830749385
DE72	bestelleingang	2.78301987785
DE72	banking	2.77807400169
DE72	nachzahl	2.77285369181
DE72	ticketsyst	2.77042179355
DE72	magazin	2.7697010391
DE72	erkrank	2.75763490533
DE72	abfrag	2.7498624947
DE72	anteil	2.74878520095
DE72	0euro	2.73944512359
DE72	inet	2.73471553069
DE72	momondo	2.72839956158
DE72	gewerb	2.72673557139
DE72	draus	2.72350885134

DE73	brille00	3.30127222735
DE73	selbststand	3.25424111494
DE73	fulda	3.21917110378
DE73	einging	3.19111088755
DE73	emirat	3.18398148364
DE73	kreditkartenzahl	3.17654900526
DE73	schnappchenjag	3.1055159551
DE73	00kg	3.10204980312
DE73	auftragsbearbeit	3.07030625994
DE73	ohrring	3.05250706973
DE73	reiseangebot	3.03867504161
DE73	kaffeemaschin	3.00795643151
DE73	aufwi	2.99657797843
DE73	zuruckbuch	2.97009014934
DE73	baff	2.95764823222
DE73	billpay	2.93558163646
DE73	existent	2.92899517559
DE73	wiederruf	2.91075977659
DE73	sticht	2.90618103138
DE73	scheu	2.89826503382
DE73	fx	2.89794487219
DE73	mikrowell	2.88387399952
DE73	baldur	2.88196531088
DE73	beruh	2.88065682601
DE73	fruhstucksbuffet	2.86688326315
DE73	ehemal	2.8539912109
DE73	vllt	2.85133580334
DE73	engagement	2.85029920272
DE73	lieferando	2.83818815001
DE73	auscheck	2.82455636597
DE73	nachzufrag	2.81576566958
DE73	betrugsversuch	2.81297521745
DE73	gewahr	2.80029656433
DE73	umkompliziert	2.79107721305
DE73	verzweifl	2.78588008229
DE73	handsend	2.77853478459
DE73	kundendat	2.76935400663
DE73	hebel	2.76292463692
DE73	koennt	2.73846442287
DE73	angefall	2.72828093467
DE73	unubertroff	2.71848701109
DE73	weekend	2.7174524505
DE73	deckel	2.71737241785
DE73	merci	2.71698969029
DE73	march	2.70923121422
DE73	intern	2.70520755094
DE73	rosa	2.70084160531
DE73	letzend	2.69841038914
DE73	internetprasenz	2.69533550056
DE73	unsinn	2.68145969482

DE80	qui	3.52255548333
DE80	hausnumm	3.12150440303
DE80	unverhaltnismass	3.07749617813
DE80	au	2.92125768389
DE80	nachbarn	2.86639874545
DE80	:-).	2.85041157964
DE80	une	2.78158086398
DE80	gastgeb	2.7785492404
DE80	etag	2.77758566175
DE80	ven	2.7580274963
DE80	moin	2.74272393019
DE80	lieferverzug	2.71995461793
DE80	le	2.71243697347
DE80	expecting	2.7058631818
DE80	mon	2.68150161956
DE80	buchungsseit	2.67244265497
DE80	ad	2.6656915669
DE80	reisefuhr	2.6559444902
DE80	verpflicht	2.64675701975
DE80	kist	2.63444744696
DE80	gewasch	2.62853277214
DE80	programmiert	2.61522218027
DE80	referenz	2.61438801649
DE80	:"	2.6136732579
DE80	postkart	2.609534756
DE80	drunt	2.59656425665
DE80	stupid	2.59238025687
DE80	segment	2.58980675887
DE80	transaction	2.57304437946
DE80	et	2.5649144674
DE80	appartement	2.5520729558
DE80	nebenan	2.55065534666
DE80	haf	2.54856221613
DE80	internetportal	2.53464497783
DE80	pas	2.5157085056
DE80	mais	2.51506942631
DE80	est	2.50948680282
DE80	root	2.50841260009
DE80	unwiss	2.50493212601
DE80	impressum	2.49041811078
DE80	wareneingang	2.48383057271
DE80	panel	2.48038176283
DE80	vereinzelt	2.48014215389
DE80	possibl	2.47585793422
DE80	kaufentscheid	2.47444379665
DE80	derjen	2.45275540188
DE80	paketzentrum	2.44401942796
DE80	kundennumm	2.43082477606
DE80	erstand	2.42933912441
DE80	einzuseh	2.4285390962

DE91	betal	3.37257171629
DE91	mbit	3.01803744563
DE91	jer	2.90124119104
DE91	thrifty	2.8800470037
DE91	nachbesser	2.83160415636
DE91	motoport	2.81392396066
DE91	verbindungsabbruch	2.80254293196
DE91	european	2.78992463468
DE91	hvis	2.77883497703
DE91	jeg	2.77291143233
DE91	så	2.73307125581
DE91	...!!	2.72975057466
DE91	ovp	2.7007267975
DE91	hir	2.63705758277
DE91	paarmal	2.57462178611
DE91	caus	2.56257123508
DE91	meinpaket	2.55820434341
DE91	mean	2.53269977672
DE91	0stern	2.52756264741
DE91	besser	2.52215158983
DE91	mietet	2.4895105181
DE91	af	2.48206286068
DE91	mig	2.4750057859
DE91	boss	2.45694393666
DE91	til	2.42015823409
DE91	sorgt	2.41922577367
DE91	geschult	2.39634610577
DE91	untergekomm	2.39624717781
DE91	vill	2.38888218598
DE91	superfreund	2.37070454215
DE91	det	2.37013866627
DE91	mehrwertsteu	2.36164797178
DE91	men	2.35040876633
DE91	dokumentation	2.34363882969
DE91	gewarnt	2.31496390261
DE91	bed	2.314091847
DE91	weitergeht	2.31046533383
DE91	angetroff	2.30853449494
DE91	beteiligt	2.30853116416
DE91	motorrad	2.30731335648
DE91	ritz	2.30701382816
DE91	unerfreu	2.30466490301
DE91	stopp	2.30286393225
DE91	auszugeb	2.29847968341
DE91	doing	2.29819454674
DE91	freiheit	2.29661185181
DE91	bodense	2.29583558928
DE91	seemed	2.28138059743
DE91	på	2.27989303206
DE91	hiesig	2.27855147539

DE92	kosmet	3.48120083011
DE92	vorlauf	3.34753342083
DE92	easybell	3.24111105773
DE92	mailand	2.7357189733
DE92	queen	2.66783970747
DE92	hannov	2.56825518925
DE92	?"	2.51528847412
DE92	kw	2.40859331896
DE92	hinflug	2.32654738631
DE92	campingplus00	2.32093780984
DE92	sapphir	2.2775014324
DE92	rebuy	2.27260612876
DE92	vietnam	2.25337460852
DE92	comfort	2.21528110808
DE92	endgerat	2.18475239684
DE92	american	2.16445360095
DE92	kampfpreis	2.16399686127
DE92	vogel	2.15212152134
DE92	ausgleich	2.12037255877
DE92	d0	2.11267551593
DE92	fulda	2.09603852533
DE92	sitzsack	2.07900396373
DE92	.:	2.0666001233
DE92	schleif	2.06417360369
DE92	rechtfert	2.05354537425
DE92	verfass	2.04639197451
DE92	amtsgericht	2.0457385905
DE92	preisniveau	2.03791321685
DE92	boomstor	2.03098489811
DE92	schmackhaft	2.02989856398
DE92	ovp	2.02720293264
DE92	toshiba	2.02212007303
DE92	storungsfrei	2.01949513814
DE92	hack	2.00791167302
DE92	vormiet	2.00482179721
DE92	grill	1.98281638111
DE92	wolfgang	1.98110792628
DE92	hochstwahrschein	1.98014520072
DE92	fliegt	1.97973053009
DE92	his	1.97285829525
DE92	angedroht	1.96010929251
DE92	omega	1.95770292639
DE92	weitergeh	1.9546446317
DE92	she	1.94786353924
DE92	felt	1.94562250357
DE92	guess	1.93559079124
DE92	obviously	1.93462740075
DE92	umfrag	1.93307722973
DE92	umgebucht	1.92956925324
DE92	schlank	1.91653017547

DE93	dentalwelt	3.90879978267
DE93	''	3.81543623954
DE93	fristsetz	3.45352437329
DE93	anschrift	3.15855053041
DE93	voga	3.15727074212
DE93	geschaftsleit	3.14706667706
DE93	selbig	3.0675599401
DE93	inkassounternehm	3.02870526822
DE93	lektion	3.01969468242
DE93	ltd	2.81279577229
DE93	competitiv	2.78820136996
DE93	wif	2.76622428411
DE93	designed	2.74175870824
DE93	mama	2.71938794926
DE93	load	2.71244048339
DE93	smartcard	2.70110586273
DE93	arbeitgeb	2.698599263
DE93	gescheitert	2.65636408902
DE93	lerntempo	2.64811325472
DE93	monteur	2.63994490227
DE93	konfigurator	2.63762474928
DE93	herd	2.6283671767
DE93	merklich	2.60709130364
DE93	buchungsverfahr	2.59833847803
DE93	punto	2.58728643771
DE93	egg	2.56464376743
DE93	deck	2.55694317801
DE93	resell	2.55588829094
DE93	unterbrech	2.55464478073
DE93	unflexibel	2.54302866344
DE93	tax	2.52543432091
DE93	zahlungsmodalitat	2.50210053202
DE93	herausgefund	2.5004768157
DE93	antwortmail	2.48705441313
DE93	ea	2.48114052654
DE93	pixum	2.46814701659
DE93	kalend	2.460409499
DE93	adidas	2.43726819034
DE93	eingrenz	2.43578768547
DE93	citro	2.41719270759
DE93	missing	2.4163906156
DE93	jacket	2.4111305293
DE93	luxus	2.40819574385
DE93	searched	2.40292109629
DE93	jakob	2.3796066808
DE93	wanted	2.37833974117
DE93	sperrung	2.37265922092
DE93	einzug	2.36755192144
DE93	fug	2.36729486614
DE93	chos	2.35017750861

DE94	✰	4.45944439475
DE94	hebb	3.1656288998
DE94	distributor	3.16316040306
DE94	wij	3.06374354869
DE94	ons	3.03232131661
DE94	volgend	2.94006075207
DE94	te	2.91973083192
DE94	maar	2.82387402476
DE94	naar	2.73883064539
DE94	ruhrt	2.68903535986
DE94	een	2.61479778963
DE94	pin	2.56429031057
DE94	cashback	2.53090495938
DE94	snell	2.52375700139
DE94	economycarrental	2.51806279101
DE94	voor	2.5157366729
DE94	ze	2.49338531984
DE94	nl	2.47944832963
DE94	angeh	2.46113234416
DE94	erg	2.45998263281
DE94	alle	2.45993923688
DE94	§	2.43716182432
DE94	copy	2.43206210949
DE94	dit	2.42489724186
DE94	het	2.41775579572
DE94	rma	2.4154105644
DE94	stendk	2.41089916006
DE94	verbog	2.39427869703
DE94	vorverkauf	2.3818429021
DE94	++	2.37944525254
DE94	mijn	2.36203908067
DE94	kunn	2.3541738864
DE94	antalya	2.35326859905
DE94	bestelling	2.34885318249
DE94	coupon	2.31595848649
DE94	included	2.30299123878
DE94	wat	2.30292303533
DE94	prijs	2.29935414182
DE94	storungsfrei	2.29826536192
DE94	supertoll	2.29212858355
DE94	fluglini	2.26733119314
DE94	door	2.26206375333
DE94	radio	2.2610195705
DE94	ungeduld	2.25470945944
DE94	heel	2.24405685469
DE94	wel	2.18936864209
DE94	spring	2.18166137634
DE94	sockel	2.16849778067
DE94	tevred	2.15859135549
DE94	vg	2.14749138091

DEA1	snowtrex	3.18722906598
DEA1	navigon	2.94939509594
DEA1	trivago	2.69914577137
DEA1	tab	2.38840490714
DEA1	nrw	2.36447075676
DEA1	reisefuhr	2.30414573333
DEA1	compar	2.08794981534
DEA1	reit	2.06113368405
DEA1	dusseldorf	1.98223699671
DEA1	rundrum	1.96769214307
DEA1	schnellst	1.93194868264
DEA1	impact	1.90662564476
DEA1	adapt	1.89505651147
DEA1	sahinplay	1.88720357799
DEA1	verpflicht	1.88534741431
DEA1	teppich	1.88330864583
DEA1	nachh	1.83576409512
DEA1	caus	1.8089374756
DEA1	entwickeln	1.79670975614
DEA1	fremdsprach	1.79352585761
DEA1	deposit	1.75192046721
DEA1	zettel	1.74666969061
DEA1	skapetz	1.74288517077
DEA1	simkart	1.73548188544
DEA1	anbot	1.73354939742
DEA1	haar	1.7317606491
DEA1	talk	1.72662775556
DEA1	kontoauszug	1.71905842927
DEA1	untereinand	1.69785166905
DEA1	beschenkt	1.68390227007
DEA1	laufwerk	1.63224861376
DEA1	markus	1.63199307086
DEA1	nachdruck	1.61428257185
DEA1	solution	1.60649219608
DEA1	il	1.59816551462
DEA1	meinxxl	1.59072719044
DEA1	discount	1.58187757433
DEA1	vogel	1.57661581686
DEA1	serviceorientiert	1.57547962186
DEA1	leihwag	1.56919941038
DEA1	transaction	1.56611524602
DEA1	♥	1.56460540394
DEA1	aldi	1.5576044891
DEA1	finca	1.5572918352
DEA1	rent	1.54435384184
DEA1	c0	1.53488567842
DEA1	nachgeschaut	1.5185101867
DEA1	zutreff	1.51419284532
DEA1	kopfhor	1.50830868827
DEA1	telefonkost	1.50677546761

DEA2	gw	2.95569748891
DEA2	tankkart	2.5461468081
DEA2	vorverkauf	2.5033700895
DEA2	koln	2.41701015618
DEA2	gamesrocket	2.38952263585
DEA2	ihrerseit	2.23814581354
DEA2	bahn	2.21956271492
DEA2	germanwing	2.19776226793
DEA2	versicherungsleist	2.18811111313
DEA2	einkaufspreis	2.15345574662
DEA2	lh	2.11606932256
DEA2	aral	2.06286583563
DEA2	basic	2.04256398116
DEA2	grill	2.01980117782
DEA2	aufgedruckt	1.99541079772
DEA2	furnitur	1.95507480275
DEA2	daily	1.93853667065
DEA2	simyo	1.93531089907
DEA2	hardwareversand	1.93500424683
DEA2	kommuniziert	1.91419158266
DEA2	pink	1.90763057562
DEA2	gestell	1.86233644976
DEA2	ubel	1.82091995473
DEA2	abgefragt	1.80811225028
DEA2	asos	1.80118305
DEA2	rang	1.80022590193
DEA2	streck	1.79240735541
DEA2	ticketpreis	1.78951674372
DEA2	anzug	1.78119548452
DEA2	itself	1.75138675166
DEA2	bonn	1.74791787924
DEA2	hifishopberlin	1.69257965818
DEA2	zettel	1.66896888438
DEA2	bf	1.65641048807
DEA2	vorschad	1.6510223305
DEA2	zutreff	1.64394260237
DEA2	allesamt	1.64274843687
DEA2	orlando	1.63761099378
DEA2	nachh	1.6362254385
DEA2	,,,	1.63121594293
DEA2	schwedisch	1.6244737514
DEA2	gutacht	1.61778689271
DEA2	agentur	1.61620169384
DEA2	preiserhoh	1.60909991905
DEA2	lufthansa	1.6030310575
DEA2	deaktiviert	1.602336098
DEA2	bari	1.60102314796
DEA2	billigermietwag	1.55970862475
DEA2	deposit	1.5544921054
DEA2	doubl	1.54806002292

DEA3	script	3.2591141978
DEA3	skapetz	3.17723049209
DEA3	hub	2.994006371
DEA3	obig	2.76034059868
DEA3	vieleicht	2.70624975149
DEA3	ons	2.68675262597
DEA3	verbindungsabbruch	2.62601188515
DEA3	amd	2.55223515321
DEA3	gekriegt	2.52666639449
DEA3	beleidigt	2.50076469159
DEA3	heilig	2.48326726497
DEA3	tevred	2.42693798576
DEA3	hiesig	2.40380934528
DEA3	c0	2.3755545419
DEA3	schulung	2.30202099372
DEA3	dieselb	2.2982029189
DEA3	konfiguri	2.29174848822
DEA3	dummerweis	2.24353377822
DEA3	fortsetz	2.24324928421
DEA3	lest	2.20071934566
DEA3	tripsta	2.19239905544
DEA3	hekticket	2.17242671382
DEA3	spent	2.17237471843
DEA3	advantag	2.16078285485
DEA3	servicewust	2.15048809094
DEA3	snell	2.14094763848
DEA3	riesengross	2.13071762399
DEA3	term	2.11796346037
DEA3	unnutz	2.11300711998
DEA3	wij	2.10240580685
DEA3	nog	2.09963596704
DEA3	mietet	2.09905366874
DEA3	rout	2.08897183478
DEA3	abgespeichert	2.0818159641
DEA3	umbau	2.07433307907
DEA3	intakt	2.06931817732
DEA3	rundrum	2.05788462661
DEA3	quiet	2.05297386504
DEA3	schont	2.0420967071
DEA3	bonus	2.04085987148
DEA3	charakt	2.0327931562
DEA3	fruhjahr	2.02988323293
DEA3	bissl	2.02860157384
DEA3	regarding	2.02502536038
DEA3	staubsaug	2.02003098707
DEA3	beta	2.00417016601
DEA3	unlocked	2.00388894092
DEA3	dreck	1.995645755
DEA3	lebensmittel	1.99045773524
DEA3	kreta	1.98875049468

DEA4	arzneimittel	4.57032894712
DEA4	uberschritt	3.34927738243
DEA4	watchfind	3.34485335046
DEA4	angefertigt	3.19787026651
DEA4	grammat	3.12785722029
DEA4	garnelio	3.10172239142
DEA4	she	2.89617172706
DEA4	ehefrau	2.88172353831
DEA4	klarna	2.68989411919
DEA4	geschoss	2.54550710974
DEA4	globel	2.53367854314
DEA4	flugpreis	2.5261359215
DEA4	being	2.52467284189
DEA4	across	2.47722053455
DEA4	watch	2.47067902804
DEA4	zufrid	2.46158258337
DEA4	fuerteventura	2.43642798184
DEA4	"?	2.43516571153
DEA4	viertel	2.40872699105
DEA4	erlich	2.40465025232
DEA4	aufruf	2.37656498903
DEA4	needed	2.37372881859
DEA4	floraprima	2.37135799485
DEA4	impressed	2.3636377032
DEA4	anrief	2.36143071633
DEA4	-.	2.35019040044
DEA4	might	2.3468458479
DEA4	passform	2.34420748339
DEA4	ferienhausanbiet	2.33215274249
DEA4	zuruckgenomm	2.30419368519
DEA4	unfortunately	2.30349762839
DEA4	anwort	2.29851128646
DEA4	koenn	2.28574774989
DEA4	easily	2.28459180843
DEA4	originalkarton	2.28347222342
DEA4	kompatibilitat	2.27302116619
DEA4	beschaff	2.27098974858
DEA4	anspruchsvoll	2.25888966474
DEA4	mehrpreis	2.25253797777
DEA4	gehangt	2.25180480849
DEA4	zugeschnitt	2.25127480585
DEA4	rev	2.24666484222
DEA4	kundenbereich	2.23695752488
DEA4	gart	2.23646452752
DEA4	problemch	2.22986120548
DEA4	skatedelux	2.22958116026
DEA4	baldur	2.2238857965
DEA4	st	2.22272588862
DEA4	unerfahr	2.22243666634
DEA4	true	2.2209145772

DEA5	schuhschrank	3.53120505379
DEA5	electronics	2.84297568335
DEA5	eg	2.79748844144
DEA5	sky	2.65256611031
DEA5	momox	2.57426605623
DEA5	auftragsnumm	2.43715695618
DEA5	veloped	2.36983274872
DEA5	gamesrocket	2.36902733959
DEA5	dortmund	2.2808162562
DEA5	nrw	2.20711038276
DEA5	stundig	2.19885966281
DEA5	schrank	2.16457151775
DEA5	kanada	2.12561920391
DEA5	stiefel	2.11252262541
DEA5	mast	2.09326070472
DEA5	furnitur	2.07227730744
DEA5	hinflug	2.06764000856
DEA5	engagiert	2.03642212788
DEA5	freudig	2.03411172626
DEA5	tamola	2.02908393887
DEA5	schatt	2.02114983785
DEA5	sapphir	2.02096390225
DEA5	abgesagt	2.01463247564
DEA5	hekticket	2.00816436666
DEA5	skepsis	1.99083487486
DEA5	cashback	1.98397296766
DEA5	abruf	1.9621979622
DEA5	logistic	1.95626745573
DEA5	bonn	1.94288624698
DEA5	getraut	1.93797129723
DEA5	liga	1.92165855637
DEA5	liegend	1.92093533585
DEA5	gutscheincod	1.91476257957
DEA5	bricht	1.8981197328
DEA5	annahernd	1.86681001851
DEA5	flach	1.86497884681
DEA5	din	1.8637801114
DEA5	gluckwunsch	1.85601955178
DEA5	abzubuch	1.85000170053
DEA5	orientiert	1.84265895979
DEA5	wahrnehm	1.83897711839
DEA5	sitzsack	1.83100047201
DEA5	anschlussflug	1.83093249092
DEA5	einwegmiet	1.79134512828
DEA5	schildert	1.78893067017
DEA5	derjen	1.78468610832
DEA5	toshiba	1.77627732338
DEA5	jahrlich	1.76430067159
DEA5	serviceorientiert	1.76231348986
DEA5	skoda	1.75293044276

DEB1	strik	3.3215377694
DEB1	>>	3.15007634071
DEB1	sponsored	3.1162778439
DEB1	momondo	3.11434357101
DEB1	demand	3.09380752821
DEB1	kartenpreis	3.08891348648
DEB1	sizili	3.02100615298
DEB1	versandunternehm	3.01837543592
DEB1	flugbuch	2.97694084583
DEB1	gegriff	2.94437659086
DEB1	!!!!!!!!!!!!!!!!	2.94390487772
DEB1	:)))	2.93831533735
DEB1	chaos	2.92358095481
DEB1	ratschlag	2.87578694393
DEB1	rechtfert	2.86469954359
DEB1	bspw	2.86129602071
DEB1	whey	2.85726130049
DEB1	possibility	2.83183917556
DEB1	sauschnell	2.79431008143
DEB1	freigegeb	2.79357817795
DEB1	mailbox	2.77399264582
DEB1	usern	2.75252351152
DEB1	mietbeding	2.7506001925
DEB1	anzudreh	2.74126023904
DEB1	hauptsaison	2.73520362266
DEB1	hinzuzufug	2.71736202426
DEB1	auszufull	2.69645876678
DEB1	motherboard	2.68099963613
DEB1	lieferproblem	2.67690085698
DEB1	(=	2.67621007089
DEB1	.!	2.67478964953
DEB1	ehr	2.67328715753
DEB1	wartend	2.66441075111
DEB1	makeln	2.65924594352
DEB1	anderungswunsch	2.64767462592
DEB1	mar	2.63351211945
DEB1	grundgebuhr	2.62994223449
DEB1	herunterlad	2.61043768016
DEB1	anzumerk	2.59481019826
DEB1	vielmehr	2.59466114683
DEB1	vokabeln	2.59411125102
DEB1	woh	2.58835008392
DEB1	abermal	2.58789685958
DEB1	gelockt	2.58746438309
DEB1	uberpunkt	2.58586450738
DEB1	rausgeht	2.58204177257
DEB1	vorzugeh	2.58182705803
DEB1	empfiehlt	2.57713218158
DEB1	abgleich	2.57616571026
DEB1	kennenlern	2.5728010093

DEB2	gps	3.93177081445
DEB2	bax	3.77348465183
DEB2	scherz	3.50155735767
DEB2	exellent	3.49655281478
DEB2	usd	3.44199393028
DEB2	tromm	3.41109967159
DEB2	lobend	3.31782640592
DEB2	rohr	3.28447810671
DEB2	filterfunktion	3.27103044643
DEB2	ultimat	3.25203265592
DEB2	verlag	3.24124769823
DEB2	girokonto	3.23353152933
DEB2	pleased	3.23341240556
DEB2	verleg	3.22917293231
DEB2	!!!!!!!!!!!	3.22024561253
DEB2	angedroht	3.21703233742
DEB2	fuhrerschein	3.19750917482
DEB2	studio	3.17527555325
DEB2	ramsch	3.17493797331
DEB2	visit	3.16666023125
DEB2	markiert	3.1638775831
DEB2	rock	3.16206132547
DEB2	wohlgemerkt	3.15497702248
DEB2	aufdring	3.14311070607
DEB2	fussball	3.13044025724
DEB2	verbucht	3.1201846683
DEB2	tacho	3.09524555295
DEB2	versandtermin	3.08480280279
DEB2	atesa	3.08466373438
DEB2	menschlich	3.08117245626
DEB2	verzog	3.07323390251
DEB2	rg	3.06096063442
DEB2	mahnbescheid	3.04125506173
DEB2	klimaanlag	3.01571620265
DEB2	furcht	2.9913718511
DEB2	sooo	2.97586316512
DEB2	bearbeitungsstand	2.97446253338
DEB2	bein	2.96900209544
DEB2	david	2.96839481053
DEB2	michael	2.95647577745
DEB2	ubernimmt	2.94323693438
DEB2	kinderspiel	2.94198705493
DEB2	aufweist	2.93457361541
DEB2	reklamationsabwickl	2.9335057405
DEB2	snel	2.92251185257
DEB2	autor	2.92174223264
DEB2	nachbestell	2.92071205243
DEB2	preisvorteil	2.91999016027
DEB2	versanddatum	2.90717864428
DEB2	tageszeit	2.90677432566

DEB3	engel	4.57445870259
DEB3	fleurop	3.01059056515
DEB3	massivum	2.9963759366
DEB3	skatedelux	2.99191148286
DEB3	memb	2.91930085198
DEB3	0gs	2.66698621
DEB3	globelcar	2.62241239938
DEB3	krankheit	2.53783197606
DEB3	antenn	2.49082733423
DEB3	petra	2.48012052437
DEB3	el	2.46914694763
DEB3	yahoo	2.46470984886
DEB3	emp	2.46461397298
DEB3	på	2.45137482373
DEB3	review	2.4209575636
DEB3	attempt	2.40117877928
DEB3	stellenangebot	2.39730172032
DEB3	smart	2.38270309719
DEB3	fondsvermittlung00	2.36808253696
DEB3	coburg	2.35310043596
DEB3	…	2.34840929894
DEB3	claim	2.33896527715
DEB3	bio	2.32244484518
DEB3	inform	2.3157370412
DEB3	erging	2.31287114695
DEB3	onlinebanking	2.30327770598
DEB3	se	2.25567897759
DEB3	serial	2.2196895015
DEB3	nirgendswo	2.21397687651
DEB3	keyshops	2.20737519928
DEB3	ravi	2.19175858535
DEB3	krankenhaus	2.18831470001
DEB3	konfiguriert	2.18755806093
DEB3	seem	2.18722721396
DEB3	ell	2.17687601094
DEB3	ipod	2.16646358005
DEB3	gutscheinaktion	2.158598469
DEB3	spiegel	2.15466960724
DEB3	cut	2.12819494801
DEB3	asia	2.11976751174
DEB3	heruntergelad	2.10835884572
DEB3	verhind	2.10807559491
DEB3	easybell	2.10495220561
DEB3	umgestellt	2.09496796836
DEB3	woran	2.07870301966
DEB3	webpag	2.06876273998
DEB3	hon	2.06446431658
DEB3	:-).	2.06237684181
DEB3	vil	2.06117948387
DEB3	har	2.05371630979

DEC0	entsorg	3.38437711496
DEC0	fac	3.18082775347
DEC0	kast	3.13147516742
DEC0	agent	3.0825206816
DEC0	schockiert	3.03464866591
DEC0	andré	3.02839277962
DEC0	dazugehor	3.02648013177
DEC0	fasziniert	3.02297047641
DEC0	regelrecht	3.01795580011
DEC0	quad	2.97223748136
DEC0	)...	2.93731683297
DEC0	verstaut	2.91740527287
DEC0	tee	2.89147023552
DEC0	vollkaskoversicher	2.8631203573
DEC0	neapel	2.86090100285
DEC0	aufgedruckt	2.8502353529
DEC0	coupl	2.8400992569
DEC0	kino	2.83777993379
DEC0	silb	2.82868611127
DEC0	ip	2.81704710847
DEC0	sportlich	2.80389211179
DEC0	gr	2.79797175759
DEC0	oma	2.79323909844
DEC0	irritiert	2.78698109444
DEC0	umseh	2.78468898407
DEC0	relativiert	2.78394529717
DEC0	mannheim	2.77226410775
DEC0	bezahlsyst	2.75896614078
DEC0	****	2.74032292347
DEC0	gerettet	2.72808878123
DEC0	gesamtbetrag	2.72240650129
DEC0	varii	2.71988614565
DEC0	city	2.71544242604
DEC0	+++	2.71178156483
DEC0	network	2.71035842806
DEC0	zuruckbring	2.70457118688
DEC0	zap	2.68458830517
DEC0	moglicherweis	2.67847003191
DEC0	schneid	2.66756053201
DEC0	pp	2.66420790012
DEC0	kabeldeutschland	2.6593967817
DEC0	psn	2.64258864483
DEC0	zahlungmog	2.63870597991
DEC0	ruckreis	2.63069131011
DEC0	**	2.62481869601
DEC0	hal	2.61813201399
DEC0	behebt	2.60701903103
DEC0	ergo	2.60124965616
DEC0	bruchteil	2.59849298464
DEC0	horror	2.59489334693

DED2	dresd	4.25426224065
DED2	altenheim	3.5126854783
DED2	spul	3.31200163125
DED2	geback	2.99890857985
DED2	trotzt	2.9443232916
DED2	schadensregulier	2.93025869388
DED2	auftragsnumm	2.8985842082
DED2	camcord	2.861011823
DED2	add	2.82621293272
DED2	servicenumm	2.79164653239
DED2	vorzunehm	2.76387986257
DED2	netzt	2.73509757352
DED2	telefonanbiet	2.71059380059
DED2	avoid	2.68573250316
DED2	decent	2.66071517725
DED2	doubl	2.64113138273
DED2	couch	2.63425003557
DED2	profiteil	2.61550041063
DED2	kontoauszug	2.60983516353
DED2	promised	2.60625915942
DED2	lied	2.60563932788
DED2	beglich	2.60401504713
DED2	moin	2.59381360204
DED2	concept	2.58386261135
DED2	smiley	2.58017478729
DED2	bezahlvorgang	2.54505949805
DED2	basic	2.52440502412
DED2	krass	2.52085367047
DED2	touran	2.50442390542
DED2	hausbank	2.49382278339
DED2	complet	2.49163940568
DED2	evt	2.47306392226
DED2	mietpreis	2.45282540194
DED2	tomb	2.44166973025
DED2	bricht	2.43932512241
DED2	vorsichtshalb	2.42803542068
DED2	uberfall	2.42554207097
DED2	ten	2.42485456587
DED2	hyundai	2.42483137404
DED2	makl	2.41947635064
DED2	klarna	2.41111580514
DED2	put	2.4062512641
DED2	servicemitarbeiterin	2.40220554008
DED2	group	2.40142827837
DED2	logisch	2.39832351683
DED2	c0	2.39448066268
DED2	kaffeeautomat	2.38615482048
DED2	vorschad	2.37869504624
DED2	kredit	2.37185683032
DED2	suuup	2.36764184412

DED4	os	3.41629314061
DED4	auspuff	3.29788540052
DED4	(:	3.29443007273
DED4	lan	3.21135706076
DED4	titeln	3.14199868012
DED4	flashbay	3.07386377923
DED4	nitrado	3.06417142174
DED4	ersteig	3.00976422752
DED4	reisenavigator	2.97504223508
DED4	vermutet	2.93951397806
DED4	selbstand	2.93524123471
DED4	frohlich	2.93401293882
DED4	payed	2.93048577919
DED4	baum	2.92208984654
DED4	wegfall	2.90467355899
DED4	datenbank	2.88818576521
DED4	geschirr	2.88631503305
DED4	reach	2.88240632826
DED4	extern	2.87141117381
DED4	originalwar	2.85002104962
DED4	dr	2.83398373574
DED4	♥	2.82847746802
DED4	0th	2.81097514696
DED4	hong	2.80401190539
DED4	jean	2.79886255731
DED4	?!?	2.79319884808
DED4	impressed	2.77919035117
DED4	kunstlich	2.76648943508
DED4	idea	2.75896948972
DED4	abgleich	2.75440055285
DED4	danisch	2.75139794966
DED4	iii	2.74591625011
DED4	beilieg	2.74443101669
DED4	primus	2.72922535897
DED4	drumherum	2.72511251985
DED4	kong	2.72402028433
DED4	lastminuteauskunft	2.72393820352
DED4	helped	2.71778929425
DED4	volltreff	2.71099370002
DED4	aussteh	2.69531956005
DED4	wahlstatt	2.69049255324
DED4	andalusienshop	2.68964200257
DED4	aeg	2.68708361322
DED4	schmidt	2.68133080912
DED4	olwechsel	2.67976761704
DED4	miami	2.6690256672
DED4	ablehn	2.66825179422
DED4	schilder	2.66765850929
DED4	olaf	2.66576674802
DED4	superfreund	2.66546153182

DED5	grundstuck	3.2903952945
DED5	leipzig	3.08085489541
DED5	akkus	3.02870785876
DED5	kanada	3.01166065023
DED5	inkompetenz	2.9163458521
DED5	beobacht	2.91566958754
DED5	staatsanwaltschaft	2.88633874084
DED5	hostelworld	2.82017780945
DED5	joachim	2.72770738064
DED5	versicherungspaket	2.68337122071
DED5	georg	2.67917524658
DED5	akku	2.67323359111
DED5	0minut	2.63576879884
DED5	postiv	2.60003925055
DED5	data	2.58726637178
DED5	vogel	2.57259280672
DED5	erging	2.55114140999
DED5	weihnachtszeit	2.55107221971
DED5	erstkund	2.54165159928
DED5	flach	2.53121371132
DED5	herrlich	2.53115007242
DED5	bgb	2.53081665938
DED5	gluckwunsch	2.52100052246
DED5	staun	2.48932025041
DED5	derselb	2.48856591462
DED5	idiot	2.48764667969
DED5	einzel	2.47924567108
DED5	schweig	2.47783281412
DED5	schwedisch	2.47563432117
DED5	tint	2.46804939049
DED5	ausgeschrieb	2.46744986419
DED5	holz	2.45908094057
DED5	chart	2.45625738186
DED5	csl	2.45575988657
DED5	alle	2.45371182015
DED5	lebend	2.45172141807
DED5	preisniveau	2.44779859169
DED5	competent	2.44749364531
DED5	zwingend	2.44478656405
DED5	einstieg	2.44021572915
DED5	").	2.43919910454
DED5	000euro	2.43737608738
DED5	emailkontakt	2.43381389709
DED5	berufstat	2.4236585225
DED5	supertoll	2.42147724913
DED5	dreistig	2.40356305313
DED5	verunsichert	2.40351753796
DED5	variety	2.39629128697
DED5	knopf	2.39119535001
DED5	fortsetz	2.38610036516

DEE0	maar	3.64902621108
DEE0	bij	3.52567490123
DEE0	vind	3.18598916033
DEE0	grot	3.11271437349
DEE0	geen	3.0419747205
DEE0	winkel	2.97258112146
DEE0	kartonag	2.92458053223
DEE0	haendl	2.92352224112
DEE0	arriv	2.9169762645
DEE0	kredit	2.90978278575
DEE0	aushand	2.90812287879
DEE0	nennt	2.85755805391
DEE0	gesprachsqualitat	2.84474992823
DEE0	ze	2.82402692546
DEE0	veel	2.81160312348
DEE0	heel	2.76740182199
DEE0	break	2.7490493055
DEE0	shiply	2.74849379598
DEE0	hall	2.71405436256
DEE0	wel	2.70530719967
DEE0	00m	2.64545718603
DEE0	grundgebuhr	2.63564082738
DEE0	euroflorist	2.59894607008
DEE0	uberpunkt	2.59149590227
DEE0	zo	2.59048870194
DEE0	omdat	2.55925629042
DEE0	ausgelost	2.54667359541
DEE0	navigon	2.51141934395
DEE0	toleranz	2.51014073614
DEE0	blatt	2.50137679371
DEE0	gefasst	2.4984611795
DEE0	io	2.47932444316
DEE0	solution	2.45635963565
DEE0	permanent	2.45182555734
DEE0	niet	2.44881280825
DEE0	planung	2.44490009102
DEE0	hifishopberlin	2.40506965283
DEE0	kell	2.37864181359
DEE0	trustworthy	2.37711824802
DEE0	suchtig	2.37150938394
DEE0	versandhandel	2.36034639383
DEE0	allesamt	2.34879175275
DEE0	stammkundin	2.34476504065
DEE0	naar	2.33524379817
DEE0	kreditkartenzahl	2.32965830358
DEE0	ubermittl	2.32954181998
DEE0	hofft	2.32698020902
DEE0	zijn	2.32089235885
DEE0	touch	2.31859354521
DEE0	geiz	2.31065700474

DEF0	redmin	3.30350858814
DEF0	og	3.14587023203
DEF0	medion	2.97456267642
DEF0	planio	2.95390355817
DEF0	har	2.8271321343
DEF0	uden	2.70352421804
DEF0	anzug	2.66139508873
DEF0	god	2.57845395741
DEF0	nichtmehr	2.57454692919
DEF0	yesstyl	2.54920908704
DEF0	kun	2.51163383395
DEF0	ikk	2.48305425928
DEF0	havd	2.48285519595
DEF0	men	2.45069767068
DEF0	kinderwag	2.44043203345
DEF0	ell	2.40894085095
DEF0	improved	2.40507167776
DEF0	veloped	2.401714272
DEF0	raid	2.37884984794
DEF0	ausgebildet	2.37206071263
DEF0	00er	2.33725613907
DEF0	hinzuzufug	2.33318325817
DEF0	liebt	2.31632288859
DEF0	jeg	2.29355810898
DEF0	wiederholmanag	2.27943709599
DEF0	var	2.27426061693
DEF0	comfort	2.26493509187
DEF0	kalend	2.2445688897
DEF0	direktbuch	2.23941882508
DEF0	falschliefer	2.23413717948
DEF0	programmiert	2.22820487367
DEF0	kahm	2.21109950259
DEF0	tomb	2.20017823338
DEF0	til	2.17309932705
DEF0	braun	2.17082007652
DEF0	watch	2.16203583132
DEF0	++	2.14484321613
DEF0	whil	2.12752943689
DEF0	meget	2.12496805019
DEF0	planet	2.12145539273
DEF0	logo	2.11666247406
DEF0	tint	2.104699051
DEF0	vereinzelt	2.10412494713
DEF0	ansturm	2.10324129649
DEF0	det	2.08115096827
DEF0	gang	2.07080733323
DEF0	med	2.06332625675
DEF0	versag	2.05471864414
DEF0	på	2.0395351868
DEF0	variety	2.03805481159

DEG0	umi	5.06342131697
DEG0	looxis	3.94245152396
DEG0	glasfoto	3.94245152396
DEG0	unangemess	3.37492870808
DEG0	direktflug	3.27297603732
DEG0	las	3.22678916382
DEG0	cect	3.19851798462
DEG0	fotografi	2.93556284534
DEG0	rebuy	2.91121711287
DEG0	auskomm	2.9031960382
DEG0	mainstream	2.88007722377
DEG0	s0	2.87672090264
DEG0	postweg	2.86153879462
DEG0	pixel	2.81935202894
DEG0	parship	2.80970919164
DEG0	mbit	2.78081733089
DEG0	amsterdam	2.77391463887
DEG0	autoverleih	2.73359374646
DEG0	eingesendet	2.73278067366
DEG0	paris	2.71594356259
DEG0	leucht	2.70926850478
DEG0	chines	2.70113650286
DEG0	bigboy	2.63801096768
DEG0	mutz	2.56637095294
DEG0	bauch	2.56039288975
DEG0	kabeldeutschland	2.52669592406
DEG0	import	2.47038118914
DEG0	unwahr	2.44968998387
DEG0	dicht	2.43843585529
DEG0	ausflug	2.4329655418
DEG0	kundenbereich	2.42896755933
DEG0	schlechthin	2.41781195222
DEG0	gewahrt	2.41774997208
DEG0	bestuckt	2.4070042816
DEG0	scann	2.40599374214
DEG0	directly	2.40380728894
DEG0	paypalzahl	2.40245785697
DEG0	ausgang	2.40037781581
DEG0	entsteht	2.39919966025
DEG0	professionel	2.37500317964
DEG0	vergut	2.37188863863
DEG0	pool	2.37051892757
DEG0	headset	2.3615456266
DEG0	trozd	2.36043135995
DEG0	0d	2.35874801259
DEG0	ausfahrt	2.35661097064
DEG0	restbetrag	2.35036708519
DEG0	grossenangab	2.34591342196
DEG0	zubehorteil	2.344764746
DEG0	0000er	2.34236583969

